date,tx_count,volume,circulating_supply,holders
2021-09-01,47,15711.974465142903,2137053.5809310195,500
2021-09-02,55,17419.011998556925,2137053.5809310195,500
2021-09-03,42,17670.739282688588,2137053.5809310195,501
2021-09-04,52,17800.940216675754,2137053.5809310195,502
2021-09-05,58,19474.733356223493,2137053.5809310195,502
2021-09-06,43,25526.5926818657,2137053.5809310195,503
2021-09-07,46,31101.577366101355,2137053.5809310195,504
2021-09-08,49,14514.053494637523,2137053.5809310195,504
2021-09-09,52,11005.548693561752,2137053.5809310195,505
2021-09-10,45,11929.064220882465,2137053.5809310195,506
2021-09-11,49,15743.042779614732,2137053.5809310195,506
2021-09-12,43,16844.755146788317,2137053.5809310195,507
2021-09-13,52,13667.243259985491,2137053.5809310195,508
2021-09-14,52,10505.948997100331,2137053.5809310195,508
2021-09-15,46,15989.617194660828,2137053.5809310195,509
2021-09-16,54,21992.760038928438,2137053.5809310195,510
2021-09-17,40,27045.340433632955,2137053.5809310195,510
2021-09-18,45,15199.894293390415,2137053.5809310195,511
2021-09-19,46,16338.120999816656,2137053.5809310195,512
2021-09-20,51,12637.2758282793,2137053.5809310195,513
2021-09-21,64,19772.269283975835,2137053.5809310195,513
2021-09-22,52,13141.63826392334,2137053.5809310195,514
2021-09-23,38,26750.787351789248,2137053.5809310195,515
2021-09-24,33,8224.082613127726,2137053.5809310195,515
2021-09-25,48,16779.957424742424,2137053.5809310195,516
2021-09-26,58,23348.988627884235,2137053.5809310195,517
2021-09-27,45,22019.254126237745,2137053.5809310195,517
2021-09-28,41,77209.06187868322,2137053.5809310195,518
2021-09-29,56,23924.427599904975,2137053.5809310195,519
2021-09-30,54,12157.821427676874,2137053.5809310195,519
2021-10-01,56,19149.33284149337,2601180.241790256,520
2021-10-02,47,8263.736394582484,2601180.241790256,521
2021-10-03,59,19292.185650604566,2601180.241790256,521
2021-10-04,46,13243.03788238131,2601180.241790256,522
2021-10-05,46,31743.727214746392,2601180.241790256,523
2021-10-06,55,15259.921210472163,2601180.241790256,524
2021-10-07,60,18946.458776295127,2601180.241790256,524
2021-10-08,40,14617.523946848245,2601180.241790256,525
2021-10-09,56,47914.85951969992,2601180.241790256,526
2021-10-10,56,17105.133394058936,2601180.241790256,526
2021-10-11,50,50213.229193941224,2601180.241790256,527
2021-10-12,46,30176.874350440525,2601180.241790256,528
2021-10-13,61,25560.121005374087,2601180.241790256,528
2021-10-14,48,24151.985056056597,2601180.241790256,529
2021-10-15,44,24456.56407239616,2601180.241790256,530
2021-10-16,45,7661.162313736876,2601180.241790256,530
2021-10-17,63,17471.27848004136,2601180.241790256,531
2021-10-18,53,30648.354850538242,2601180.241790256,532
2021-10-19,57,19600.428108394288,2601180.241790256,532
2021-10-20,60,9948.333767535405,2601180.241790256,533
2021-10-21,46,19566.086260345313,2601180.241790256,534
2021-10-22,44,47089.627701917496,2601180.241790256,535
2021-10-23,48,37466.449696924494,2601180.241790256,535
2021-10-24,40,19472.3983831216,2601180.241790256,536
2021-10-25,65,32321.241269432376,2601180.241790256,537
2021-10-26,50,16722.355715640737,2601180.241790256,537
2021-10-27,69,8568.255959467315,2601180.241790256,538
2021-10-28,50,12651.388929379835,2601180.241790256,539
2021-10-29,45,43879.374663865296,2601180.241790256,539
2021-10-30,52,17514.050755388354,2601180.241790256,540
2021-10-31,34,17784.157098336065,2601180.241790256,541
2021-11-01,61,17289.180510894825,2601021.2932969485,541
2021-11-02,41,52042.8956455978,2601021.2932969485,542
2021-11-03,54,45285.16329139822,2601021.2932969485,543
2021-11-04,44,60909.55851834726,2601021.2932969485,543
2021-11-05,47,18550.141087134674,2601021.2932969485,544
2021-11-06,53,23285.0667800602,2601021.2932969485,545
2021-11-07,39,9409.113353398958,2601021.2932969485,546
2021-11-08,46,42033.512343440736,2601021.2932969485,546
2021-11-09,54,11202.200412051885,2601021.2932969485,547
2021-11-10,50,22384.925909989623,2601021.2932969485,548
2021-11-11,53,11603.986886610384,2601021.2932969485,548
2021-11-12,54,14962.792007207268,2601021.2932969485,549
2021-11-13,64,13215.214566017617,2601021.2932969485,550
2021-11-14,47,14821.25604517334,2601021.2932969485,550
2021-11-15,45,15339.61424199183,2601021.2932969485,551
2021-11-16,57,15269.625634685794,2601021.2932969485,552
2021-11-17,51,30467.695424492376,2601021.2932969485,552
2021-11-18,39,11560.205078814384,2601021.2932969485,553
2021-11-19,61,22427.11490195144,2601021.2932969485,554
2021-11-20,47,36928.35101217336,2601021.2932969485,554
2021-11-21,60,15539.75870924435,2601021.2932969485,555
2021-11-22,53,14027.792700633197,2601021.2932969485,556
2021-11-23,52,17898.871880231156,2601021.2932969485,557
2021-11-24,39,36229.097857906214,2601021.2932969485,557
2021-11-25,51,22132.648265530075,2601021.2932969485,558
2021-11-26,53,15400.39029140552,2601021.2932969485,559
2021-11-27,55,25583.26241118253,2601021.2932969485,559
2021-11-28,46,11575.073213373893,2601021.2932969485,560
2021-11-29,53,28238.31532517542,2601021.2932969485,561
2021-11-30,53,24638.337230278805,2601021.2932969485,561
2021-12-01,39,17220.417855791067,2850290.3909056424,562
2021-12-02,45,13206.473166303376,2850290.3909056424,563
2021-12-03,60,12892.677813494129,2850290.3909056424,563
2021-12-04,57,26243.246196286786,2850290.3909056424,564
2021-12-05,52,37132.41289925022,2850290.3909056424,565
2021-12-06,43,14604.739896699484,2850290.3909056424,565
2021-12-07,45,25259.273402847204,2850290.3909056424,566
2021-12-08,53,7074.427281907263,2850290.3909056424,567
2021-12-09,62,14994.614970387393,2850290.3909056424,568
2021-12-10,48,19776.028720493432,2850290.3909056424,568
2021-12-11,45,12745.245390526732,2850290.3909056424,569
2021-12-12,58,12575.453923181438,2850290.3909056424,570
2021-12-13,42,14383.910014499503,2850290.3909056424,570
2021-12-14,64,23245.146653647364,2850290.3909056424,571
2021-12-15,51,18289.65301261843,2850290.3909056424,572
2021-12-16,41,6559.3032363083885,2850290.3909056424,572
2021-12-17,60,6956.315303082481,2850290.3909056424,573
2021-12-18,54,14828.74328373792,2850290.3909056424,574
2021-12-19,47,25250.432720669356,2850290.3909056424,574
2021-12-20,57,5084.7587180854935,2850290.3909056424,575
2021-12-21,50,15644.742404118932,2850290.3909056424,576
2021-12-22,57,15438.680355511235,2850290.3909056424,576
2021-12-23,54,40212.13794995757,2850290.3909056424,577
2021-12-24,60,16568.264593905904,2850290.3909056424,578
2021-12-25,47,24324.753450307944,2850290.3909056424,579
2021-12-26,52,21555.447526206794,2850290.3909056424,579
2021-12-27,49,6922.08316752146,2850290.3909056424,580
2021-12-28,45,29491.544888525794,2850290.3909056424,581
2021-12-29,29,22369.496171221814,2850290.3909056424,581
2021-12-30,57,25897.186147177425,2850290.3909056424,582
2021-12-31,41,143039.21926019565,2850290.3909056424,583
2022-01-01,56,7084.7425152895175,2846410.116321978,583
2022-01-02,53,47576.94641386386,2846410.116321978,584
2022-01-03,34,17396.625320277504,2846410.116321978,585
2022-01-04,51,23188.685185935665,2846410.116321978,585
2022-01-05,50,19633.629315131315,2846410.116321978,586
2022-01-06,57,16246.5703855015,2846410.116321978,587
2022-01-07,49,15105.871901502478,2846410.116321978,587
2022-01-08,58,23682.926028773243,2846410.116321978,588
2022-01-09,48,9406.614872833436,2846410.116321978,589
2022-01-10,42,29232.747884715725,2846410.116321978,590
2022-01-11,51,16312.028779045879,2846410.116321978,590
2022-01-12,53,11415.422939270391,2846410.116321978,591
2022-01-13,51,16038.523883687734,2846410.116321978,592
2022-01-14,48,37659.09937948698,2846410.116321978,592
2022-01-15,47,15368.692052383722,2846410.116321978,593
2022-01-16,33,24028.16800717212,2846410.116321978,594
2022-01-17,59,13936.647231188821,2846410.116321978,594
2022-01-18,49,29340.26852815503,2846410.116321978,595
2022-01-19,50,28296.9455971511,2846410.116321978,596
2022-01-20,42,50617.85687207946,2846410.116321978,596
2022-01-21,48,18397.55963433774,2846410.116321978,597
2022-01-22,53,28059.50411977384,2846410.116321978,598
2022-01-23,47,21094.95199190956,2846410.116321978,598
2022-01-24,50,38395.33204711666,2846410.116321978,599
2022-01-25,53,14021.3869913431,2846410.116321978,600
2022-01-26,37,29151.39176039195,2846410.116321978,601
2022-01-27,64,18222.395360645143,2846410.116321978,601
2022-01-28,48,19451.144498537815,2846410.116321978,602
2022-01-29,49,21028.44914746287,2846410.116321978,603
2022-01-30,64,22785.40497273926,2846410.116321978,603
2022-01-31,43,18951.5453769651,2846410.116321978,604
2022-02-01,39,22361.85468906739,2845365.817003856,605
2022-02-02,39,44214.7758638294,2845365.817003856,605
2022-02-03,37,32875.40608468879,2845365.817003856,606
2022-02-04,58,31018.298242952624,2845365.817003856,607
2022-02-05,57,15994.2652639431,2845365.817003856,607
2022-02-06,40,12876.186348605337,2845365.817003856,608
2022-02-07,53,32383.54032708076,2845365.817003856,609
2022-02-08,55,31125.374793322324,2845365.817003856,609
2022-02-09,45,41943.997592635074,2845365.817003856,610
2022-02-10,55,14850.145853951419,2845365.817003856,611
2022-02-11,47,17907.608391083235,2845365.817003856,612
2022-02-12,47,8848.588181123372,2845365.817003856,612
2022-02-13,59,16506.668437193828,2845365.817003856,613
2022-02-14,55,33058.71607030193,2845365.817003856,614
2022-02-15,50,15906.889390577722,2845365.817003856,614
2022-02-16,46,27666.987006244402,2845365.817003856,615
2022-02-17,48,18260.64955324664,2845365.817003856,616
2022-02-18,61,23618.4577432804,2845365.817003856,616
2022-02-19,66,11315.283172808746,2845365.817003856,617
2022-02-20,53,20959.766619331032,2845365.817003856,618
2022-02-21,45,4501.596062959559,2845365.817003856,618
2022-02-22,54,18293.611872847698,2845365.817003856,619
2022-02-23,39,8888.545080469317,2845365.817003856,620
2022-02-24,35,36708.093360186,2845365.817003856,620
2022-02-25,49,29627.52051117835,2845365.817003856,621
2022-02-26,47,25364.117819737894,2845365.817003856,622
2022-02-27,41,42970.03935163404,2845365.817003856,623
2022-02-28,52,12497.663909311565,2845365.817003856,623
2022-03-01,38,48119.2160281909,2842594.4260856714,624
2022-03-02,54,32011.51821103363,2842594.4260856714,625
2022-03-03,47,17844.982145165683,2842594.4260856714,625
2022-03-04,47,35438.89952905282,2842594.4260856714,626
2022-03-05,56,11551.938331472773,2842594.4260856714,627
2022-03-06,48,13299.71916027757,2842594.4260856714,627
2022-03-07,40,14815.962374465025,2842594.4260856714,628
2022-03-08,35,15417.6220775508,2842594.4260856714,629
2022-03-09,40,11842.812916191644,2842594.4260856714,629
2022-03-10,55,37023.0811696291,2842594.4260856714,630
2022-03-11,69,17647.123574502897,2842594.4260856714,631
2022-03-12,45,23956.806606738275,2842594.4260856714,631
2022-03-13,37,15101.956678645041,2842594.4260856714,632
2022-03-14,53,8082.4767152262975,2842594.4260856714,633
2022-03-15,49,22989.295147075376,2842594.4260856714,634
2022-03-16,52,7720.448917568215,2842594.4260856714,634
2022-03-17,33,19407.953901310884,2842594.4260856714,635
2022-03-18,49,10133.456563923179,2842594.4260856714,636
2022-03-19,45,54251.89917356197,2842594.4260856714,636
2022-03-20,49,31679.866758671375,2842594.4260856714,637
2022-03-21,52,21176.17852948743,2842594.4260856714,638
2022-03-22,54,37782.77605375148,2842594.4260856714,638
2022-03-23,46,13155.52748364862,2842594.4260856714,639
2022-03-24,54,26357.152738695288,2842594.4260856714,640
2022-03-25,61,22195.84738961165,2842594.4260856714,640
2022-03-26,52,22920.003410961443,2842594.4260856714,641
2022-03-27,63,37946.480156977625,2842594.4260856714,642
2022-03-28,33,28969.57239461818,2842594.4260856714,642
2022-03-29,47,23204.862132992595,2842594.4260856714,643
2022-03-30,52,8780.701323825377,2842594.4260856714,644
2022-03-31,58,12428.308974229283,2842594.4260856714,645
2022-04-01,48,18890.24276995991,2874236.8837443143,645
2022-04-02,58,21045.487932209144,2874236.8837443143,646
2022-04-03,49,11414.65593061735,2874236.8837443143,647
2022-04-04,67,67076.80712394805,2874236.8837443143,647
2022-04-05,44,42871.06091774174,2874236.8837443143,648
2022-04-06,52,27141.370761742943,2874236.8837443143,649
2022-04-07,40,20822.173043809686,2874236.8837443143,649
2022-04-08,50,18063.539511916704,2874236.8837443143,650
2022-04-09,50,12478.919366742344,2874236.8837443143,651
2022-04-10,51,20878.924629288515,2874236.8837443143,651
2022-04-11,60,22848.289803909596,2874236.8837443143,652
2022-04-12,41,10795.3956255661,2874236.8837443143,653
2022-04-13,56,23738.26275709458,2874236.8837443143,653
2022-04-14,54,18585.291263399162,2874236.8837443143,654
2022-04-15,41,7737.636050050026,2874236.8837443143,655
2022-04-16,47,13063.309441391391,2874236.8837443143,656
2022-04-17,48,16333.15732377715,2874236.8837443143,656
2022-04-18,61,51616.625936951445,2874236.8837443143,657
2022-04-19,50,26530.0104559322,2874236.8837443143,658
2022-04-20,48,10301.187866700186,2874236.8837443143,658
2022-04-21,50,25610.90262748425,2874236.8837443143,659
2022-04-22,50,9265.964961024167,2874236.8837443143,660
2022-04-23,53,34513.32657347974,2874236.8837443143,660
2022-04-24,37,15870.113305106504,2874236.8837443143,661
2022-04-25,41,19166.84389197773,2874236.8837443143,662
2022-04-26,41,38974.13900605247,2874236.8837443143,662
2022-04-27,43,10553.08480444843,2874236.8837443143,663
2022-04-28,61,9988.564687801632,2874236.8837443143,664
2022-04-29,53,15002.252204935792,2874236.8837443143,664
2022-04-30,43,33757.05476367631,2874236.8837443143,665
2022-05-01,42,9396.40305443286,2862830.922515739,666
2022-05-02,42,4874.035315872996,2862830.922515739,667
2022-05-03,40,16029.336438644279,2862830.922515739,667
2022-05-04,43,26466.251682392107,2862830.922515739,668
2022-05-05,50,36603.02454627681,2862830.922515739,669
2022-05-06,53,15933.428425789889,2862830.922515739,669
2022-05-07,36,16350.9613935286,2862830.922515739,670
2022-05-08,57,35764.30636484893,2862830.922515739,671
2022-05-09,43,7886.316350844508,2862830.922515739,671
2022-05-10,47,16539.30405796794,2862830.922515739,672
2022-05-11,52,22091.920312611623,2862830.922515739,673
2022-05-12,49,25143.75009872834,2862830.922515739,673
2022-05-13,31,15566.118377815483,2862830.922515739,674
2022-05-14,50,20434.415339241503,2862830.922515739,675
2022-05-15,40,5788.286597161765,2862830.922515739,675
2022-05-16,51,14452.621168224081,2862830.922515739,676
2022-05-17,45,25197.741217586525,2862830.922515739,677
2022-05-18,43,12290.824186366439,2862830.922515739,678
2022-05-19,52,20686.723357368464,2862830.922515739,678
2022-05-20,56,25114.27100248173,2862830.922515739,679
2022-05-21,38,16923.875891910888,2862830.922515739,680
2022-05-22,52,21872.538178482137,2862830.922515739,680
2022-05-23,49,12411.627282812839,2862830.922515739,681
2022-05-24,45,18114.16737774197,2862830.922515739,682
2022-05-25,53,27251.486900991033,2862830.922515739,682
2022-05-26,52,21725.49553840567,2862830.922515739,683
2022-05-27,39,14980.275441724087,2862830.922515739,684
2022-05-28,44,22468.36235503495,2862830.922515739,684
2022-05-29,43,28711.70545868364,2862830.922515739,685
2022-05-30,38,7206.83124840556,2862830.922515739,686
2022-05-31,40,35856.93640670449,2862830.922515739,686
2022-06-01,57,16977.223144284817,2860862.116874296,687
2022-06-02,42,24847.19742787363,2860862.116874296,688
2022-06-03,63,36547.89023505351,2860862.116874296,689
2022-06-04,51,10116.453435351417,2860862.116874296,689
2022-06-05,56,14087.381939078641,2860862.116874296,690
2022-06-06,46,17387.04957938798,2860862.116874296,691
2022-06-07,50,13573.552624027061,2860862.116874296,691
2022-06-08,40,47821.163278123786,2860862.116874296,692
2022-06-09,45,13086.929094999616,2860862.116874296,693
2022-06-10,42,15214.160564556963,2860862.116874296,693
2022-06-11,51,22246.718526963363,2860862.116874296,694
2022-06-12,46,11011.335442347056,2860862.116874296,695
2022-06-13,46,16480.199732886478,2860862.116874296,695
2022-06-14,45,23540.600955457,2860862.116874296,696
2022-06-15,56,17006.06079392517,2860862.116874296,697
2022-06-16,49,19169.233473976154,2860862.116874296,697
2022-06-17,47,15414.890283167619,2860862.116874296,698
2022-06-18,40,9419.338332496152,2860862.116874296,699
2022-06-19,64,23589.379880129156,2860862.116874296,700
2022-06-20,51,48301.689330016154,2860862.116874296,700
2022-06-21,41,20271.193024494052,2860862.116874296,701
2022-06-22,43,22480.135635698618,2860862.116874296,702
2022-06-23,42,28399.21141086072,2860862.116874296,702
2022-06-24,53,10647.602524327931,2860862.116874296,703
2022-06-25,47,47052.186136509015,2860862.116874296,704
2022-06-26,48,22223.81359030154,2860862.116874296,704
2022-06-27,49,45418.90597560161,2860862.116874296,705
2022-06-28,49,13922.183486090215,2860862.116874296,706
2022-06-29,55,49850.621377695286,2860862.116874296,706
2022-06-30,44,29594.180788435235,2860862.116874296,707
2022-07-01,47,26483.450882823796,2860513.067919866,708
2022-07-02,61,22578.81838463336,2860513.067919866,708
2022-07-03,53,17738.469353840555,2860513.067919866,709
2022-07-04,41,36607.96461763842,2860513.067919866,710
2022-07-05,52,21545.779164371015,2860513.067919866,710
2022-07-06,60,7511.725113158664,2860513.067919866,711
2022-07-07,41,11489.192020424229,2860513.067919866,712
2022-07-08,44,18303.222255882785,2860513.067919866,713
2022-07-09,47,23453.025167506075,2860513.067919866,713
2022-07-10,40,19525.19641905747,2860513.067919866,714
2022-07-11,41,36947.03478920621,2860513.067919866,715
2022-07-12,57,7571.938172098127,2860513.067919866,715
2022-07-13,44,21580.58284963041,2860513.067919866,716
2022-07-14,55,8093.088188225083,2860513.067919866,717
2022-07-15,54,29366.546365425103,2860513.067919866,717
2022-07-16,44,19158.962901796396,2860513.067919866,718
2022-07-17,43,24774.254427314852,2860513.067919866,719
2022-07-18,52,13040.482009122441,2860513.067919866,719
2022-07-19,49,38081.647220515224,2860513.067919866,720
2022-07-20,42,33813.574423550934,2860513.067919866,721
2022-07-21,50,26890.47545234811,2860513.067919866,721
2022-07-22,63,18826.0467533607,2860513.067919866,722
2022-07-23,54,26840.948288554915,2860513.067919866,723
2022-07-24,52,14105.343764935149,2860513.067919866,724
2022-07-25,48,30808.10576397618,2860513.067919866,724
2022-07-26,49,45820.905876614146,2860513.067919866,725
2022-07-27,59,34305.48589420343,2860513.067919866,726
2022-07-28,52,13946.084182458677,2860513.067919866,726
2022-07-29,35,24063.80053118127,2860513.067919866,727
2022-07-30,57,10521.588858905265,2860513.067919866,728
2022-07-31,46,26740.924789852783,2860513.067919866,728
2022-08-01,51,25161.16429585004,2833233.0197660094,729
2022-08-02,47,7886.02203965391,2833233.0197660094,730
2022-08-03,55,11235.833357893014,2833233.0197660094,730
2022-08-04,44,17434.143465651545,2833233.0197660094,731
2022-08-05,41,17280.351877150173,2833233.0197660094,732
2022-08-06,50,10971.06697218289,2833233.0197660094,732
2022-08-07,62,24397.712177260757,2833233.0197660094,733
2022-08-08,52,22776.67086544713,2833233.0197660094,734
2022-08-09,41,18226.296866353878,2833233.0197660094,735
2022-08-10,50,13764.657411669104,2833233.0197660094,735
2022-08-11,37,33931.83174054629,2833233.0197660094,736
2022-08-12,43,45956.87958571643,2833233.0197660094,737
2022-08-13,51,15771.732541659401,2833233.0197660094,737
2022-08-14,56,14789.48627383351,2833233.0197660094,738
2022-08-15,50,25677.210119304815,2833233.0197660094,739
2022-08-16,48,16793.389219459088,2833233.0197660094,739
2022-08-17,42,18733.275849005135,2833233.0197660094,740
2022-08-18,47,29073.48457657415,2833233.0197660094,741
2022-08-19,53,7731.647389409362,2833233.0197660094,741
2022-08-20,55,38828.369899668636,2833233.0197660094,742
2022-08-21,44,20828.87535391782,2833233.0197660094,743
2022-08-22,57,16350.417426970349,2833233.0197660094,743
2022-08-23,53,19209.076906929527,2833233.0197660094,744
2022-08-24,39,19711.7455228598,2833233.0197660094,745
2022-08-25,58,8451.968292582014,2833233.0197660094,746
2022-08-26,54,42413.60204444252,2833233.0197660094,746
2022-08-27,45,20504.878145119907,2833233.0197660094,747
2022-08-28,43,25065.717232910145,2833233.0197660094,748
2022-08-29,43,32322.865347821982,2833233.0197660094,748
2022-08-30,48,12054.267796555252,2833233.0197660094,749
2022-08-31,57,25450.514261157245,2833233.0197660094,750
2022-09-01,45,17569.763726406232,2831172.204844663,750
2022-09-02,52,30673.07971342923,2831172.204844663,751
2022-09-03,53,6933.6494435825825,2831172.204844663,752
2022-09-04,51,19114.60781642614,2831172.204844663,752
2022-09-05,56,14858.761215319226,2831172.204844663,753
2022-09-06,59,24931.48531834111,2831172.204844663,754
2022-09-07,60,25406.93310540145,2831172.204844663,754
2022-09-08,48,14100.17279944743,2831172.204844663,755
2022-09-09,45,14068.14565098179,2831172.204844663,756
2022-09-10,53,19004.338889887735,2831172.204844663,757
2022-09-11,41,12828.623513826029,2831172.204844663,757
2022-09-12,42,30599.750267311552,2831172.204844663,758
2022-09-13,40,16699.794263171876,2831172.204844663,759
2022-09-14,45,4695.03651634469,2831172.204844663,759
2022-09-15,53,16652.976541151296,2831172.204844663,760
2022-09-16,43,11949.961893906662,2831172.204844663,761
2022-09-17,59,8884.978948464917,2831172.204844663,761
2022-09-18,52,10818.814273804046,2831172.204844663,762
2022-09-19,48,21214.90999050845,2831172.204844663,763
2022-09-20,50,39029.603181337276,2831172.204844663,763
2022-09-21,42,23490.409628338184,2831172.204844663,764
2022-09-22,38,14831.425969230342,2831172.204844663,765
2022-09-23,44,25227.93967447353,2831172.204844663,765
2022-09-24,45,15965.89436397514,2831172.204844663,766
2022-09-25,55,14192.303568014911,2831172.204844663,767
2022-09-26,51,11277.602350352785,2831172.204844663,768
2022-09-27,53,8365.244781761887,2831172.204844663,768
2022-09-28,55,16527.70637182927,2831172.204844663,769
2022-09-29,52,21737.23622311714,2831172.204844663,770
2022-09-30,50,19138.234970830334,2831172.204844663,770
2022-10-01,46,16313.88418973842,2842253.204844663,771
2022-10-02,40,12517.491293201132,2842253.204844663,772
2022-10-03,55,27224.657702865552,2842253.204844663,772
2022-10-04,54,10396.134350948758,2842253.204844663,773
2022-10-05,44,29607.092879192365,2842253.204844663,774
2022-10-06,57,12168.99703297881,2842253.204844663,774
2022-10-07,45,13787.775707862611,2842253.204844663,775
2022-10-08,47,9646.61816486248,2842253.204844663,776
2022-10-09,62,15631.669093708037,2842253.204844663,776
2022-10-10,66,32709.194941204492,2842253.204844663,777
2022-10-11,43,25992.65619855093,2842253.204844663,778
2022-10-12,59,32760.09163080306,2842253.204844663,779
2022-10-13,57,26077.458260360276,2842253.204844663,779
2022-10-14,54,11567.102593054047,2842253.204844663,780
2022-10-15,44,17023.68122308564,2842253.204844663,781
2022-10-16,65,13597.696935735843,2842253.204844663,781
2022-10-17,42,39067.36454204688,2842253.204844663,782
2022-10-18,62,11040.89025664722,2842253.204844663,783
2022-10-19,54,31401.285912232932,2842253.204844663,783
2022-10-20,65,31389.60964268161,2842253.204844663,784
2022-10-21,46,50139.54914955972,2842253.204844663,785
2022-10-22,44,16365.193038294454,2842253.204844663,785
2022-10-23,37,28678.883338941672,2842253.204844663,786
2022-10-24,47,62854.712872895405,2842253.204844663,787
2022-10-25,36,14749.057191656078,2842253.204844663,787
2022-10-26,51,9322.957216098464,2842253.204844663,788
2022-10-27,46,7845.9304475484905,2842253.204844663,789
2022-10-28,60,28684.474391684937,2842253.204844663,790
2022-10-29,44,7833.6213192885025,2842253.204844663,790
2022-10-30,59,16673.83081882789,2842253.204844663,791
2022-10-31,59,24994.519817017896,2842253.204844663,792
2022-11-01,64,22034.023212766973,2848931.204844663,792
2022-11-02,56,24846.63751431546,2848931.204844663,793
2022-11-03,50,22446.72958107146,2848931.204844663,794
2022-11-04,56,38070.24122226963,2848931.204844663,794
2022-11-05,48,12476.436803448212,2848931.204844663,795
2022-11-06,44,14317.784426904596,2848931.204844663,796
2022-11-07,47,13649.054848487443,2848931.204844663,796
2022-11-08,46,30419.866733318726,2848931.204844663,797
2022-11-09,32,31506.670779765678,2848931.204844663,798
2022-11-10,48,25168.989457674303,2848931.204844663,798
2022-11-11,56,36297.42613717655,2848931.204844663,799
2022-11-12,48,11144.872941861746,2848931.204844663,800
2022-11-13,65,46229.2195413463,2848931.204844663,801
2022-11-14,52,43018.0291705969,2848931.204844663,801
2022-11-15,65,29014.943739397997,2848931.204844663,802
2022-11-16,52,48954.899425947515,2848931.204844663,803
2022-11-17,44,8773.083984461415,2848931.204844663,803
2022-11-18,44,15452.57926098013,2848931.204844663,804
2022-11-19,56,13906.387537560364,2848931.204844663,805
2022-11-20,48,28810.493023474664,2848931.204844663,805
2022-11-21,54,11880.87102915132,2848931.204844663,806
2022-11-22,57,29334.00944097867,2848931.204844663,807
2022-11-23,44,39855.80524327622,2848931.204844663,807
2022-11-24,52,28434.45033638155,2848931.204844663,808
2022-11-25,39,23147.23909420854,2848931.204844663,809
2022-11-26,45,12256.584828006713,2848931.204844663,809
2022-11-27,59,13152.008925259217,2848931.204844663,810
2022-11-28,53,37517.57360416697,2848931.204844663,811
2022-11-29,38,29656.297632200734,2848931.204844663,812
2022-11-30,47,19697.47077234963,2848931.204844663,812
2022-12-01,55,16298.046061782785,2852546.204844663,813
2022-12-02,38,7294.320731947171,2852546.204844663,814
2022-12-03,54,11758.469514282553,2852546.204844663,814
2022-12-04,58,52232.74220556781,2852546.204844663,815
2022-12-05,50,10588.539261990085,2852546.204844663,816
2022-12-06,58,22081.494628156863,2852546.204844663,816
2022-12-07,54,33238.93688912913,2852546.204844663,817
2022-12-08,45,10724.583890779018,2852546.204844663,818
2022-12-09,57,22028.900214428428,2852546.204844663,818
2022-12-10,58,32103.265975816485,2852546.204844663,819
2022-12-11,54,20211.457790539156,2852546.204844663,820
2022-12-12,54,84284.79894689459,2852546.204844663,820
2022-12-13,52,8720.70750532142,2852546.204844663,821
2022-12-14,42,34102.2807065159,2852546.204844663,822
2022-12-15,59,18422.98613276249,2852546.204844663,823
2022-12-16,58,29546.34588283258,2852546.204844663,823
2022-12-17,46,25044.483302937875,2852546.204844663,824
2022-12-18,42,13921.325894961545,2852546.204844663,825
2022-12-19,58,22522.125829748322,2852546.204844663,825
2022-12-20,53,7933.142795134347,2852546.204844663,826
2022-12-21,53,27156.69883732187,2852546.204844663,827
2022-12-22,56,23314.58739191705,2852546.204844663,827
2022-12-23,56,27641.826661423533,2852546.204844663,828
2022-12-24,69,34091.8776059688,2852546.204844663,829
2022-12-25,54,24138.544508952516,2852546.204844663,829
2022-12-26,46,21629.209869107963,2852546.204844663,830
2022-12-27,37,12928.90925679945,2852546.204844663,831
2022-12-28,47,14067.815760541116,2852546.204844663,831
2022-12-29,55,36356.29295172562,2852546.204844663,832
2022-12-30,56,41188.85470346485,2852546.204844663,833
2022-12-31,50,17831.111734603866,2852546.204844663,834
2023-01-01,54,20552.88609431053,2866679.204844663,834
2023-01-02,48,12777.589453582248,2866679.204844663,835
2023-01-03,42,36103.08875047612,2866679.204844663,836
2023-01-04,54,28014.112802212872,2866679.204844663,836
2023-01-05,38,53016.79330798571,2866679.204844663,837
2023-01-06,53,12946.668047494975,2866679.204844663,838
2023-01-07,66,16626.47077820615,2866679.204844663,838
2023-01-08,49,22549.727040984973,2866679.204844663,839
2023-01-09,48,27750.247771710892,2866679.204844663,840
2023-01-10,48,18032.3286168778,2866679.204844663,840
2023-01-11,60,12981.424548759784,2866679.204844663,841
2023-01-12,43,31208.91416615881,2866679.204844663,842
2023-01-13,53,28805.53860347305,2866679.204844663,842
2023-01-14,59,12703.31457688159,2866679.204844663,843
2023-01-15,71,39556.158665169976,2866679.204844663,844
2023-01-16,59,36056.93996368613,2866679.204844663,845
2023-01-17,56,21480.558035808408,2866679.204844663,845
2023-01-18,41,20901.04026522852,2866679.204844663,846
2023-01-19,62,26496.93022080955,2866679.204844663,847
2023-01-20,57,13054.703168194354,2866679.204844663,847
2023-01-21,40,20389.411858844367,2866679.204844663,848
2023-01-22,54,6846.9837558985155,2866679.204844663,849
2023-01-23,43,31131.738294746472,2866679.204844663,849
2023-01-24,36,9200.459134917903,2866679.204844663,850
2023-01-25,45,42593.85159974668,2866679.204844663,851
2023-01-26,46,17029.377706937168,2866679.204844663,851
2023-01-27,48,18068.4352858047,2866679.204844663,852
2023-01-28,52,14674.819223363116,2866679.204844663,853
2023-01-29,54,17391.482294130004,2866679.204844663,853
2023-01-30,56,40823.81746864335,2866679.204844663,854
2023-01-31,50,5789.787974936538,2866679.204844663,855
2023-02-01,41,38034.08354230559,2870390.204844663,856
2023-02-02,52,23783.96800709421,2870390.204844663,856
2023-02-03,51,10984.543805002382,2870390.204844663,857
2023-02-04,46,11732.277492771256,2870390.204844663,858
2023-02-05,38,46441.64199763133,2870390.204844663,858
2023-02-06,30,12518.988354219553,2870390.204844663,859
2023-02-07,48,11283.311150455465,2870390.204844663,860
2023-02-08,51,35468.93600097449,2870390.204844663,860
2023-02-09,57,23790.26439943952,2870390.204844663,861
2023-02-10,42,12566.533535425911,2870390.204844663,862
2023-02-11,53,22383.24051882201,2870390.204844663,862
2023-02-12,54,12026.633613265427,2870390.204844663,863
2023-02-13,55,34827.618226087,2870390.204844663,864
2023-02-14,47,34147.367014242685,2870390.204844663,864
2023-02-15,38,26206.38542046634,2870390.204844663,865
2023-02-16,51,24066.733413080172,2870390.204844663,866
2023-02-17,49,48452.99062479124,2870390.204844663,867
2023-02-18,50,20082.38702879023,2870390.204844663,867
2023-02-19,38,11123.532812021309,2870390.204844663,868
2023-02-20,44,25146.958539661704,2870390.204844663,869
2023-02-21,59,56998.418667174024,2870390.204844663,869
2023-02-22,43,12092.921161200386,2870390.204844663,870
2023-02-23,53,16764.584848999446,2870390.204844663,871
2023-02-24,51,24735.093359244212,2870390.204844663,871
2023-02-25,43,19551.413302318066,2870390.204844663,872
2023-02-26,37,12290.765521648962,2870390.204844663,873
2023-02-27,45,35195.87640354731,2870390.204844663,873
2023-02-28,59,64072.82717404237,2870390.204844663,874
2023-03-01,55,22155.055938355013,2887744.204844663,875
2023-03-02,47,12781.078756539991,2887744.204844663,875
2023-03-03,59,9258.293435702788,2887744.204844663,876
2023-03-04,49,22850.842569762164,2887744.204844663,877
2023-03-05,50,34880.87454385668,2887744.204844663,878
2023-03-06,61,25472.103507865726,2887744.204844663,878
2023-03-07,45,20061.41020752218,2887744.204844663,879
2023-03-08,62,14959.763657189804,2887744.204844663,880
2023-03-09,53,11633.841059150567,2887744.204844663,880
2023-03-10,55,30489.29575506115,2887744.204844663,881
2023-03-11,42,31718.046549890612,2887744.204844663,882
2023-03-12,72,9273.26108347464,2887744.204844663,882
2023-03-13,59,44474.65556640597,2887744.204844663,883
2023-03-14,44,26763.408777095603,2887744.204844663,884
2023-03-15,49,40439.1074351803,2887744.204844663,884
2023-03-16,47,10267.012910150906,2887744.204844663,885
2023-03-17,42,10146.085055773918,2887744.204844663,886
2023-03-18,71,18643.83158216029,2887744.204844663,886
2023-03-19,53,25826.27058101698,2887744.204844663,887
2023-03-20,56,49312.63870922507,2887744.204844663,888
2023-03-21,44,28589.49826629453,2887744.204844663,889
2023-03-22,42,17790.406682558252,2887744.204844663,889
2023-03-23,46,12022.926830340039,2887744.204844663,890
2023-03-24,48,37151.35656429167,2887744.204844663,891
2023-03-25,52,12399.390114968146,2887744.204844663,891
2023-03-26,42,45342.0236739496,2887744.204844663,892
2023-03-27,53,17423.2875298899,2887744.204844663,893
2023-03-28,58,44491.18307116322,2887744.204844663,893
2023-03-29,52,28204.05170285431,2887744.204844663,894
2023-03-30,43,18755.78532101725,2887744.204844663,895
2023-03-31,45,15491.65999204539,2887744.204844663,895
2023-04-01,51,16937.77037016966,2898547.204844663,896
2023-04-02,32,24882.340778624537,2898547.204844663,897
2023-04-03,49,20875.542284682768,2898547.204844663,897
2023-04-04,46,14925.845326491224,2898547.204844663,898
2023-04-05,32,18489.154091535896,2898547.204844663,899
2023-04-06,53,20890.3747551525,2898547.204844663,900
2023-04-07,49,6928.428035679096,2898547.204844663,900
2023-04-08,50,25256.512857045018,2898547.204844663,901
2023-04-09,41,12306.645335232832,2898547.204844663,902
2023-04-10,46,11283.413306576867,2898547.204844663,902
2023-04-11,43,8639.354129093583,2898547.204844663,903
2023-04-12,72,8191.145477814321,2898547.204844663,904
2023-04-13,54,10198.86305053713,2898547.204844663,904
2023-04-14,59,14090.340915537256,2898547.204844663,905
2023-04-15,54,53336.96237399945,2898547.204844663,906
2023-04-16,65,15441.522728599635,2898547.204844663,906
2023-04-17,50,21952.368831614025,2898547.204844663,907
2023-04-18,59,24538.43572229236,2898547.204844663,908
2023-04-19,54,21445.880874448478,2898547.204844663,908
2023-04-20,44,19322.655539758474,2898547.204844663,909
2023-04-21,48,11049.145760135572,2898547.204844663,910
2023-04-22,40,41490.470490755106,2898547.204844663,910
2023-04-23,59,49580.53522949487,2898547.204844663,911
2023-04-24,51,8659.618365364266,2898547.204844663,912
2023-04-25,60,12037.005599122745,2898547.204844663,913
2023-04-26,46,17463.182870940207,2898547.204844663,913
2023-04-27,57,12400.429418615851,2898547.204844663,914
2023-04-28,57,25867.3815848305,2898547.204844663,915
2023-04-29,57,13955.363278614714,2898547.204844663,915
2023-04-30,51,59295.18076028508,2898547.204844663,916
2023-05-01,46,36425.690081459354,2906481.204844663,917
2023-05-02,48,22337.949766305628,2906481.204844663,917
2023-05-03,48,33565.31129228756,2906481.204844663,918
2023-05-04,44,34916.17581317125,2906481.204844663,919
2023-05-05,44,15150.389723847438,2906481.204844663,919
2023-05-06,52,13355.007093738419,2906481.204844663,920
2023-05-07,52,20885.842382880808,2906481.204844663,921
2023-05-08,47,30901.912100027097,2906481.204844663,921
2023-05-09,50,21531.784651534945,2906481.204844663,922
2023-05-10,47,9129.416285697598,2906481.204844663,923
2023-05-11,52,13444.73766780321,2906481.204844663,924
2023-05-12,52,19356.215225820357,2906481.204844663,924
2023-05-13,57,19339.839629747763,2906481.204844663,925
2023-05-14,67,53853.69880310079,2906481.204844663,926
2023-05-15,43,10044.30722560046,2906481.204844663,926
2023-05-16,53,25862.514944553626,2906481.204844663,927
2023-05-17,47,42290.24962506326,2906481.204844663,928
2023-05-18,50,62534.90449102581,2906481.204844663,928
2023-05-19,45,16408.52945594542,2906481.204844663,929
2023-05-20,57,25680.057716849424,2906481.204844663,930
2023-05-21,46,26705.784198700556,2906481.204844663,930
2023-05-22,55,22147.85973308327,2906481.204844663,931
2023-05-23,48,19116.988679555718,2906481.204844663,932
2023-05-24,42,24977.806603816138,2906481.204844663,932
2023-05-25,43,5662.564929887201,2906481.204844663,933
2023-05-26,54,28248.341418838212,2906481.204844663,934
2023-05-27,51,21393.538813379997,2906481.204844663,935
2023-05-28,69,17971.057580272158,2906481.204844663,935
2023-05-29,57,55892.55001584532,2906481.204844663,936
2023-05-30,66,14332.547366186227,2906481.204844663,937
2023-05-31,44,16419.374433614044,2906481.204844663,937
2023-06-01,52,54368.04923638147,2922757.204844663,938
2023-06-02,47,13249.626290912865,2922757.204844663,939
2023-06-03,56,15255.534550104412,2922757.204844663,939
2023-06-04,57,18661.961135916834,2922757.204844663,940
2023-06-05,53,30580.6434272118,2922757.204844663,941
2023-06-06,53,22284.72026434902,2922757.204844663,941
2023-06-07,52,10524.30481361321,2922757.204844663,942
2023-06-08,55,15393.043990308603,2922757.204844663,943
2023-06-09,44,14825.116206367748,2922757.204844663,943
2023-06-10,52,19324.804488321217,2922757.204844663,944
2023-06-11,44,24851.592358807142,2922757.204844663,945
2023-06-12,52,24756.866328277545,2922757.204844663,946
2023-06-13,54,8264.705702663483,2922757.204844663,946
2023-06-14,48,34191.27497328977,2922757.204844663,947
2023-06-15,41,22789.147208246923,2922757.204844663,948
2023-06-16,55,40135.69242355823,2922757.204844663,948
2023-06-17,45,25080.713482994342,2922757.204844663,949
2023-06-18,43,34836.353379478795,2922757.204844663,950
2023-06-19,44,25362.52410892248,2922757.204844663,950
2023-06-20,37,39374.28263166074,2922757.204844663,951
2023-06-21,37,26078.86765577023,2922757.204844663,952
2023-06-22,44,19125.879714118244,2922757.204844663,952
2023-06-23,60,62565.709735530894,2922757.204844663,953
2023-06-24,51,31328.197203859636,2922757.204844663,954
2023-06-25,46,26759.035994844835,2922757.204844663,954
2023-06-26,51,10610.539416615029,2922757.204844663,955
2023-06-27,49,10547.049908245264,2922757.204844663,956
2023-06-28,51,23251.2231922985,2922757.204844663,957
2023-06-29,42,21601.453387484875,2922757.204844663,957
2023-06-30,43,14775.031828393658,2922757.204844663,958
2023-07-01,39,21552.489885502207,2921262.204844663,959
2023-07-02,56,44447.71097559127,2921262.204844663,959
2023-07-03,53,28437.287873079367,2921262.204844663,960
2023-07-04,63,11353.15575220821,2921262.204844663,961
2023-07-05,48,18996.325893263893,2921262.204844663,961
2023-07-06,51,13430.345814040213,2921262.204844663,962
2023-07-07,50,16546.093667629917,2921262.204844663,963
2023-07-08,38,16333.07457851311,2921262.204844663,963
2023-07-09,41,15818.45361297502,2921262.204844663,964
2023-07-10,56,10723.443370637386,2921262.204844663,965
2023-07-11,45,18843.58729082772,2921262.204844663,965
2023-07-12,51,15175.71088392255,2921262.204844663,966
2023-07-13,48,4642.605110890996,2921262.204844663,967
2023-07-14,52,56063.55804569265,2921262.204844663,968
2023-07-15,62,34618.382499999876,2921262.204844663,968
2023-07-16,40,16640.66897713054,2921262.204844663,969
2023-07-17,47,20275.42425615411,2921262.204844663,970
2023-07-18,59,11180.518301321268,2921262.204844663,970
2023-07-19,57,46892.67307833642,2921262.204844663,971
2023-07-20,38,51865.00822074653,2921262.204844663,972
2023-07-21,42,21722.462515513398,2921262.204844663,972
2023-07-22,47,33507.366899164546,2921262.204844663,973
2023-07-23,53,21925.347540505536,2921262.204844663,974
2023-07-24,41,10294.783190430095,2921262.204844663,974
2023-07-25,62,16347.717996426582,2921262.204844663,975
2023-07-26,52,21455.134414762182,2921262.204844663,976
2023-07-27,42,16002.198845293375,2921262.204844663,976
2023-07-28,48,18005.42967971745,2921262.204844663,977
2023-07-29,47,19188.290462575187,2921262.204844663,978
2023-07-30,46,19289.497003404456,2921262.204844663,979
2023-07-31,49,20617.273528796875,2921262.204844663,979
2023-08-01,53,11818.870709966663,2934581.204844663,980
2023-08-02,52,14034.125865980113,2934581.204844663,981
2023-08-03,42,10566.703385209135,2934581.204844663,981
2023-08-04,56,32750.157618329526,2934581.204844663,982
2023-08-05,41,7008.870275556108,2934581.204844663,983
2023-08-06,46,35758.7563372152,2934581.204844663,983
2023-08-07,54,40172.17929206652,2934581.204844663,984
2023-08-08,57,17268.943356152315,2934581.204844663,985
2023-08-09,46,5465.367995201384,2934581.204844663,985
2023-08-10,50,16765.860722074864,2934581.204844663,986
2023-08-11,41,19451.183554721443,2934581.204844663,987
2023-08-12,49,12118.108329499662,2934581.204844663,987
2023-08-13,47,15524.055724883045,2934581.204844663,988
2023-08-14,58,43167.91881860881,2934581.204844663,989
2023-08-15,56,28007.254927048594,2934581.204844663,990
2023-08-16,48,12650.768227939468,2934581.204844663,990
2023-08-17,56,9035.85376794949,2934581.204844663,991
2023-08-18,51,17055.81738599603,2934581.204844663,992
2023-08-19,68,18052.273099220958,2934581.204844663,992
2023-08-20,40,25741.37433425063,2934581.204844663,993
2023-08-21,49,15368.83324865313,2934581.204844663,994
2023-08-22,39,25939.056029257124,2934581.204844663,994
2023-08-23,41,52856.30578883508,2934581.204844663,995
2023-08-24,55,30197.23944878476,2934581.204844663,996
2023-08-25,47,19608.354910145335,2934581.204844663,996
2023-08-26,49,18327.90504878247,2934581.204844663,997
2023-08-27,56,16804.781061399182,2934581.204844663,998
2023-08-28,54,36245.689222380184,2934581.204844663,998
2023-08-29,45,14677.904635897685,2934581.204844663,999
2023-08-30,49,20544.871638623066,2934581.204844663,1000
2023-08-31,53,20606.343204394536,2934581.204844663,1001
2023-09-01,53,15628.683371141806,2950473.204844663,1001
2023-09-02,36,10112.448868025916,2950473.204844663,1002
2023-09-03,41,23605.677421539043,2950473.204844663,1003
2023-09-04,50,19482.137382162484,2950473.204844663,1003
2023-09-05,32,25793.44099787252,2950473.204844663,1004
2023-09-06,55,15382.0284897293,2950473.204844663,1005
2023-09-07,37,36981.236019746124,2950473.204844663,1005
2023-09-08,47,12956.701043315079,2950473.204844663,1006
2023-09-09,47,47276.82142096784,2950473.204844663,1007
2023-09-10,53,8382.7979673575,2950473.204844663,1007
2023-09-11,42,24962.757952237953,2950473.204844663,1008
2023-09-12,53,25475.4524949051,2950473.204844663,1009
2023-09-13,45,13493.680517467525,2950473.204844663,1009
2023-09-14,46,24833.58495123342,2950473.204844663,1010
2023-09-15,53,38082.67045199089,2950473.204844663,1011
2023-09-16,43,6629.905696380737,2950473.204844663,1012
2023-09-17,52,25825.75897535549,2950473.204844663,1012
2023-09-18,53,5773.997162623711,2950473.204844663,1013
2023-09-19,57,12393.443691664368,2950473.204844663,1014
2023-09-20,52,45357.84649580639,2950473.204844663,1014
2023-09-21,57,15015.89014364265,2950473.204844663,1015
2023-09-22,41,11168.083445100492,2950473.204844663,1016
2023-09-23,63,18192.89504111968,2950473.204844663,1016
2023-09-24,47,56483.76033182303,2950473.204844663,1017
2023-09-25,49,8037.8278308577865,2950473.204844663,1018
2023-09-26,65,11873.92766775263,2950473.204844663,1018
2023-09-27,40,42466.51323996721,2950473.204844663,1019
2023-09-28,60,50848.52787690763,2950473.204844663,1020
2023-09-29,45,19073.203423414223,2950473.204844663,1020
2023-09-30,62,10810.021804716916,2950473.204844663,1021
2023-10-01,56,57278.29469967044,2965191.204844663,1022
2023-10-02,58,44577.14108340943,2965191.204844663,1023
2023-10-03,56,28204.273073135933,2965191.204844663,1023
2023-10-04,42,13380.505383265872,2965191.204844663,1024
2023-10-05,33,19599.132980729555,2965191.204844663,1025
2023-10-06,41,18537.949577152438,2965191.204844663,1025
2023-10-07,57,23698.829347663785,2965191.204844663,1026
2023-10-08,50,41492.00338143576,2965191.204844663,1027
2023-10-09,55,31177.86913617594,2965191.204844663,1027
2023-10-10,52,11720.177879994471,2965191.204844663,1028
2023-10-11,46,39974.75880316045,2965191.204844663,1029
2023-10-12,54,23489.794964571756,2965191.204844663,1029
2023-10-13,53,28318.998313938926,2965191.204844663,1030
2023-10-14,42,41815.639891721105,2965191.204844663,1031
2023-10-15,39,11521.442624438334,2965191.204844663,1031
2023-10-16,57,19728.952179604377,2965191.204844663,1032
2023-10-17,51,15398.540378648728,2965191.204844663,1033
2023-10-18,52,9171.21970072734,2965191.204844663,1034
2023-10-19,47,23887.49233775282,2965191.204844663,1034
2023-10-20,51,70511.67336749576,2965191.204844663,1035
2023-10-21,56,8004.157768604079,2965191.204844663,1036
2023-10-22,55,19763.952437828397,2965191.204844663,1036
2023-10-23,67,27667.86046506792,2965191.204844663,1037
2023-10-24,46,21360.407696573806,2965191.204844663,1038
2023-10-25,46,18980.952450932462,2965191.204844663,1038
2023-10-26,49,10489.678967577058,2965191.204844663,1039
2023-10-27,60,22564.849676783277,2965191.204844663,1040
2023-10-28,48,13757.966133186737,2965191.204844663,1040
2023-10-29,54,6719.670680866011,2965191.204844663,1041
2023-10-30,52,36499.410517657496,2965191.204844663,1042
2023-10-31,57,32433.53472540685,2965191.204844663,1042
2023-11-01,52,20611.11489766668,2967410.204844663,1043
2023-11-02,53,22523.007540332517,2967410.204844663,1044
2023-11-03,52,34369.13785641211,2967410.204844663,1045
2023-11-04,51,22469.74703847372,2967410.204844663,1045
2023-11-05,54,31563.733181856813,2967410.204844663,1046
2023-11-06,45,17309.55912640497,2967410.204844663,1047
2023-11-07,50,38705.8932686933,2967410.204844663,1047
2023-11-08,35,23579.857762499818,2967410.204844663,1048
2023-11-09,56,22132.032019872044,2967410.204844663,1049
2023-11-10,56,10643.713707164088,2967410.204844663,1049
2023-11-11,49,23184.360318617433,2967410.204844663,1050
2023-11-12,46,13250.331106009151,2967410.204844663,1051
2023-11-13,38,14597.621970799544,2967410.204844663,1051
2023-11-14,52,13360.628171686243,2967410.204844663,1052
2023-11-15,53,11785.648165273748,2967410.204844663,1053
2023-11-16,53,58112.78559410519,2967410.204844663,1053
2023-11-17,40,39082.2942126096,2967410.204844663,1054
2023-11-18,58,52466.965924634096,2967410.204844663,1055
2023-11-19,51,10897.707981772643,2967410.204844663,1056
2023-11-20,43,20814.021599526954,2967410.204844663,1056
2023-11-21,46,10519.663155922733,2967410.204844663,1057
2023-11-22,45,14184.538897694703,2967410.204844663,1058
2023-11-23,46,12691.551149909064,2967410.204844663,1058
2023-11-24,45,37329.80253580805,2967410.204844663,1059
2023-11-25,59,16475.676816136947,2967410.204844663,1060
2023-11-26,43,34267.23558351893,2967410.204844663,1060
2023-11-27,49,27168.560608371445,2967410.204844663,1061
2023-11-28,41,63549.51565024174,2967410.204844663,1062
2023-11-29,55,9585.752566415635,2967410.204844663,1062
2023-11-30,49,37698.36104469336,2967410.204844663,1063
2023-12-01,56,35631.15641117461,2983336.204844663,1064
2023-12-02,52,12345.734033169325,2983336.204844663,1064
2023-12-03,55,33233.77467283336,2983336.204844663,1065
2023-12-04,67,23761.639188104302,2983336.204844663,1066
2023-12-05,35,17926.173830844575,2983336.204844663,1067
2023-12-06,45,13303.567821569142,2983336.204844663,1067
2023-12-07,61,14019.444716215588,2983336.204844663,1068
2023-12-08,45,55975.04956074283,2983336.204844663,1069
2023-12-09,49,20092.395486601512,2983336.204844663,1069
2023-12-10,36,29697.563362183537,2983336.204844663,1070
2023-12-11,30,13525.141802708857,2983336.204844663,1071
2023-12-12,61,13600.050784496389,2983336.204844663,1071
2023-12-13,51,34501.14129915149,2983336.204844663,1072
2023-12-14,47,10228.847289835165,2983336.204844663,1073
2023-12-15,64,16320.028829491566,2983336.204844663,1073
2023-12-16,48,20430.189932598412,2983336.204844663,1074
2023-12-17,45,21235.754644890894,2983336.204844663,1075
2023-12-18,43,18365.122645925177,2983336.204844663,1075
2023-12-19,49,24481.308072432657,2983336.204844663,1076
2023-12-20,52,28401.100031169048,2983336.204844663,1077
2023-12-21,40,29000.66534718496,2983336.204844663,1078
2023-12-22,44,12269.274090767598,2983336.204844663,1078
2023-12-23,58,17425.287417098945,2983336.204844663,1079
2023-12-24,50,36502.52480509566,2983336.204844663,1080
2023-12-25,59,31416.197183495533,2983336.204844663,1080
2023-12-26,37,10110.45739915243,2983336.204844663,1081
2023-12-27,51,23944.53107484734,2983336.204844663,1082
2023-12-28,49,7469.943050191067,2983336.204844663,1082
2023-12-29,58,20562.467562776306,2983336.204844663,1083
2023-12-30,49,51877.413790678984,2983336.204844663,1084
2023-12-31,53,12504.06312343146,2983336.204844663,1084
2024-01-01,36,13234.651150844611,2990658.204844663,1085
2024-01-02,57,29430.009668964645,2990658.204844663,1086
2024-01-03,43,9286.848340825654,2990658.204844663,1086
2024-01-04,42,14638.023389763368,2990658.204844663,1087
2024-01-05,56,27064.436743748585,2990658.204844663,1088
2024-01-06,44,14626.82360310548,2990658.204844663,1089
2024-01-07,49,17850.20524349422,2990658.204844663,1089
2024-01-08,51,29139.447930167622,2990658.204844663,1090
2024-01-09,39,24798.248899038706,2990658.204844663,1091
2024-01-10,57,22952.094550238908,2990658.204844663,1091
2024-01-11,43,16952.89914773647,2990658.204844663,1092
2024-01-12,45,24168.02691229396,2990658.204844663,1093
2024-01-13,52,18880.57583429585,2990658.204844663,1093
2024-01-14,57,25251.935467523585,2990658.204844663,1094
2024-01-15,62,15666.645898932404,2990658.204844663,1095
2024-01-16,42,18333.234631439944,2990658.204844663,1095
2024-01-17,57,12243.817353216593,2990658.204844663,1096
2024-01-18,41,19737.02266252809,2990658.204844663,1097
2024-01-19,43,13389.88496007481,2990658.204844663,1097
2024-01-20,53,11507.244285589855,2990658.204844663,1098
2024-01-21,49,22858.67222828695,2990658.204844663,1099
2024-01-22,57,22339.80104727481,2990658.204844663,1100
2024-01-23,70,29708.608950939273,2990658.204844663,1100
2024-01-24,53,16190.703430676913,2990658.204844663,1101
2024-01-25,60,24631.50768011554,2990658.204844663,1102
2024-01-26,42,26453.77277521522,2990658.204844663,1102
2024-01-27,51,25087.931252647002,2990658.204844663,1103
2024-01-28,38,13292.143662129034,2990658.204844663,1104
2024-01-29,43,21642.99274100833,2990658.204844663,1104
2024-01-30,57,24096.58545340387,2990658.204844663,1105
2024-01-31,54,20157.758136117063,2990658.204844663,1106
2024-02-01,49,7076.370753314353,3000191.204844663,1106
2024-02-02,49,21763.729765991364,3000191.204844663,1107
2024-02-03,50,60719.53771679464,3000191.204844663,1108
2024-02-04,46,16776.52127233768,3000191.204844663,1108
2024-02-05,55,13956.724722464902,3000191.204844663,1109
2024-02-06,39,24207.78510193104,3000191.204844663,1110
2024-02-07,41,23480.941808107167,3000191.204844663,1110
2024-02-08,49,36465.53553884141,3000191.204844663,1111
2024-02-09,53,10708.800949670513,3000191.204844663,1112
2024-02-10,47,28953.471957851212,3000191.204844663,1113
2024-02-11,53,26983.107731218937,3000191.204844663,1113
2024-02-12,54,18707.54150370768,3000191.204844663,1114
2024-02-13,54,23791.863654221226,3000191.204844663,1115
2024-02-14,44,33606.81053082355,3000191.204844663,1115
2024-02-15,45,31067.35812487538,3000191.204844663,1116
2024-02-16,54,11341.747012380814,3000191.204844663,1117
2024-02-17,46,30267.63813446533,3000191.204844663,1117
2024-02-18,59,19446.278159445577,3000191.204844663,1118
2024-02-19,56,20830.89141257079,3000191.204844663,1119
2024-02-20,45,20834.25475843017,3000191.204844663,1119
2024-02-21,54,18631.96223332512,3000191.204844663,1120
2024-02-22,40,36446.80311430496,3000191.204844663,1121
2024-02-23,49,19262.130537797453,3000191.204844663,1121
2024-02-24,51,11475.644682023138,3000191.204844663,1122
2024-02-25,48,16497.932532830626,3000191.204844663,1123
2024-02-26,45,21962.7394999969,3000191.204844663,1124
2024-02-27,55,37136.76287843999,3000191.204844663,1124
2024-02-28,58,27154.62393267258,3000191.204844663,1125
2024-02-29,59,13127.803171253845,3000191.204844663,1126
2024-03-01,54,69588.19621457781,3006572.204844663,1126
2024-03-02,39,22928.65997829446,3006572.204844663,1127
2024-03-03,46,38004.15017899351,3006572.204844663,1128
2024-03-04,46,18618.259322937116,3006572.204844663,1128
2024-03-05,55,26224.120639888697,3006572.204844663,1129
2024-03-06,61,30561.29234740975,3006572.204844663,1130
2024-03-07,54,36932.700679322494,3006572.204844663,1130
2024-03-08,60,34079.09521282093,3006572.204844663,1131
2024-03-09,38,31065.5193030601,3006572.204844663,1132
2024-03-10,57,17157.864405188553,3006572.204844663,1132
2024-03-11,59,15091.429184870276,3006572.204844663,1133
2024-03-12,52,23719.64849669712,3006572.204844663,1134
2024-03-13,39,32026.511243773562,3006572.204844663,1135
2024-03-14,54,17968.849037088294,3006572.204844663,1135
2024-03-15,60,34212.32580717111,3006572.204844663,1136
2024-03-16,50,41525.52808690383,3006572.204844663,1137
2024-03-17,46,12703.017205233891,3006572.204844663,1137
2024-03-18,56,13217.472758422096,3006572.204844663,1138
2024-03-19,60,18724.11884365558,3006572.204844663,1139
2024-03-20,52,23425.05870242343,3006572.204844663,1139
2024-03-21,52,15451.66080624677,3006572.204844663,1140
2024-03-22,44,39492.12715197979,3006572.204844663,1141
2024-03-23,39,24829.524044229856,3006572.204844663,1141
2024-03-24,50,20485.627119393645,3006572.204844663,1142
2024-03-25,66,9796.696510327374,3006572.204844663,1143
2024-03-26,55,10402.977796874662,3006572.204844663,1143
2024-03-27,53,23115.52859294584,3006572.204844663,1144
2024-03-28,45,6915.0637690815565,3006572.204844663,1145
2024-03-29,49,33325.361203543296,3006572.204844663,1146
2024-03-30,41,18558.41041253407,3006572.204844663,1146
2024-03-31,50,101651.1125371823,3006572.204844663,1147
2024-04-01,52,63685.57757884546,3019513.204844663,1148
2024-04-02,43,18343.503247915887,3019513.204844663,1148
2024-04-03,44,19045.51229460793,3019513.204844663,1149
2024-04-04,40,33042.37263301218,3019513.204844663,1150
2024-04-05,57,47067.667717912016,3019513.204844663,1150
2024-04-06,50,8855.02833646325,3019513.204844663,1151
2024-04-07,63,8221.989959685918,3019513.204844663,1152
2024-04-08,38,14716.695494304213,3019513.204844663,1152
2024-04-09,40,26879.63109958313,3019513.204844663,1153
2024-04-10,50,25750.055829769903,3019513.204844663,1154
2024-04-11,50,34291.09596079014,3019513.204844663,1154
2024-04-12,45,11024.843605800177,3019513.204844663,1155
2024-04-13,48,6308.690129257548,3019513.204844663,1156
2024-04-14,61,30846.000473475302,3019513.204844663,1157
2024-04-15,52,13275.256162040516,3019513.204844663,1157
2024-04-16,57,7321.066893316151,3019513.204844663,1158
2024-04-17,53,21596.513140524596,3019513.204844663,1159
2024-04-18,45,29862.03210181258,3019513.204844663,1159
2024-04-19,52,18896.400117292495,3019513.204844663,1160
2024-04-20,40,15975.811656774988,3019513.204844663,1161
2024-04-21,49,18547.200921108313,3019513.204844663,1161
2024-04-22,40,16688.312411315652,3019513.204844663,1162
2024-04-23,55,10236.670743371818,3019513.204844663,1163
2024-04-24,38,14050.523593192638,3019513.204844663,1163
2024-04-25,64,26066.21294440797,3019513.204844663,1164
2024-04-26,54,23590.386342931455,3019513.204844663,1165
2024-04-27,52,21846.26356401262,3019513.204844663,1165
2024-04-28,53,12212.081627731497,3019513.204844663,1166
2024-04-29,52,18343.00712809032,3019513.204844663,1167
2024-04-30,55,6763.0060744330885,3019513.204844663,1168
2024-05-01,61,21960.34511072973,3017858.204844663,1168
2024-05-02,51,41035.14332832865,3017858.204844663,1169
2024-05-03,46,9611.246603526073,3017858.204844663,1170
2024-05-04,52,14984.797143021935,3017858.204844663,1170
2024-05-05,40,23678.166749720316,3017858.204844663,1171
2024-05-06,47,37578.09561517858,3017858.204844663,1172
2024-05-07,53,16052.870675187489,3017858.204844663,1172
2024-05-08,54,14208.989609120015,3017858.204844663,1173
2024-05-09,54,7504.767076232098,3017858.204844663,1174
2024-05-10,46,21151.67428253788,3017858.204844663,1174
2024-05-11,49,55758.954711626815,3017858.204844663,1175
2024-05-12,57,23073.372129866522,3017858.204844663,1176
2024-05-13,62,19863.035868584644,3017858.204844663,1176
2024-05-14,46,23595.14936166307,3017858.204844663,1177
2024-05-15,47,19974.450822357354,3017858.204844663,1178
2024-05-16,54,13376.411419016114,3017858.204844663,1179
2024-05-17,47,30314.91870483304,3017858.204844663,1179
2024-05-18,48,22485.727206636497,3017858.204844663,1180
2024-05-19,60,20263.2039092897,3017858.204844663,1181
2024-05-20,42,12333.473470208184,3017858.204844663,1181
2024-05-21,53,38542.208520170665,3017858.204844663,1182
2024-05-22,47,28004.112451732894,3017858.204844663,1183
2024-05-23,48,15234.149436610815,3017858.204844663,1183
2024-05-24,54,33145.68117478709,3017858.204844663,1184
2024-05-25,47,15661.642667381004,3017858.204844663,1185
2024-05-26,54,13585.434874577246,3017858.204844663,1185
2024-05-27,50,13737.762684531437,3017858.204844663,1186
2024-05-28,48,8285.158017810889,3017858.204844663,1187
2024-05-29,42,25425.972480976376,3017858.204844663,1187
2024-05-30,56,8039.987760234515,3017858.204844663,1188
2024-05-31,45,10867.515219795618,3017858.204844663,1189
2024-06-01,46,7115.005435285175,3016326.204844663,1190
2024-06-02,52,19239.49415563071,3016326.204844663,1190
2024-06-03,68,18631.24052451792,3016326.204844663,1191
2024-06-04,48,17058.555955035536,3016326.204844663,1192
2024-06-05,51,11925.883864745714,3016326.204844663,1192
2024-06-06,51,11177.279740095342,3016326.204844663,1193
2024-06-07,49,25334.951682284638,3016326.204844663,1194
2024-06-08,45,15252.20425844622,3016326.204844663,1194
2024-06-09,35,23527.716713206806,3016326.204844663,1195
2024-06-10,51,12901.913799804739,3016326.204844663,1196
2024-06-11,52,21988.759069362146,3016326.204844663,1196
2024-06-12,49,38537.77845162206,3016326.204844663,1197
2024-06-13,50,26925.745217682525,3016326.204844663,1198
2024-06-14,53,16342.892459832072,3016326.204844663,1198
2024-06-15,52,22841.966617573173,3016326.204844663,1199
2024-06-16,48,17808.34936436289,3016326.204844663,1200
2024-06-17,49,20164.831905704905,3016326.204844663,1201
2024-06-18,61,17067.81410659703,3016326.204844663,1201
2024-06-19,51,18501.140837175455,3016326.204844663,1202
2024-06-20,41,22332.581735831773,3016326.204844663,1203
2024-06-21,40,12223.015002689295,3016326.204844663,1203
2024-06-22,45,12086.155047038887,3016326.204844663,1204
2024-06-23,65,10031.485764772666,3016326.204844663,1205
2024-06-24,50,9023.790221442168,3016326.204844663,1205
2024-06-25,52,10928.331681431588,3016326.204844663,1206
2024-06-26,45,21752.555685253614,3016326.204844663,1207
2024-06-27,56,12853.372679758213,3016326.204844663,1207
2024-06-28,50,25966.499647187753,3016326.204844663,1208
2024-06-29,52,20437.20214029871,3016326.204844663,1209
2024-06-30,58,7506.339223081611,3016326.204844663,1209
2024-07-01,51,27868.242869089052,3024553.204844663,1210
2024-07-02,43,30126.323449994223,3024553.204844663,1211
2024-07-03,59,12219.935342185156,3024553.204844663,1212
2024-07-04,49,24781.45946718568,3024553.204844663,1212
2024-07-05,54,13088.72118745045,3024553.204844663,1213
2024-07-06,54,21090.763342816776,3024553.204844663,1214
2024-07-07,46,10673.358710516271,3024553.204844663,1214
2024-07-08,57,8194.365416365956,3024553.204844663,1215
2024-07-09,54,16586.53804470927,3024553.204844663,1216
2024-07-10,45,18880.611082711035,3024553.204844663,1216
2024-07-11,55,16463.736151713143,3024553.204844663,1217
2024-07-12,55,11111.545700019353,3024553.204844663,1218
2024-07-13,56,16445.47673584023,3024553.204844663,1218
2024-07-14,53,22980.530933060305,3024553.204844663,1219
2024-07-15,58,19639.708976879956,3024553.204844663,1220
2024-07-16,38,22004.577838928908,3024553.204844663,1220
2024-07-17,38,14367.12197267414,3024553.204844663,1221
2024-07-18,48,36084.33931978751,3024553.204844663,1222
2024-07-19,47,11155.28449894205,3024553.204844663,1223
2024-07-20,50,25630.425670864737,3024553.204844663,1223
2024-07-21,37,36268.35313221591,3024553.204844663,1224
2024-07-22,57,25545.317873527365,3024553.204844663,1225
2024-07-23,34,18151.222003620256,3024553.204844663,1225
2024-07-24,48,15422.870060647003,3024553.204844663,1226
2024-07-25,44,33718.404825105295,3024553.204844663,1227
2024-07-26,48,9860.25999934846,3024553.204844663,1227
2024-07-27,46,12365.840463229346,3024553.204844663,1228
2024-07-28,44,16464.739878530767,3024553.204844663,1229
2024-07-29,47,37293.79201023009,3024553.204844663,1229
2024-07-30,50,24285.605729433322,3024553.204844663,1230
2024-07-31,52,12378.698354619666,3024553.204844663,1231
2024-08-01,37,17198.912366385463,3027405.204844663,1231
2024-08-02,44,14773.550121490256,3027405.204844663,1232
2024-08-03,57,14084.931019654632,3027405.204844663,1233
2024-08-04,51,32767.749321215484,3027405.204844663,1234
2024-08-05,41,10116.102238482947,3027405.204844663,1234
2024-08-06,45,44897.873277410625,3027405.204844663,1235
2024-08-07,45,30390.037627815393,3027405.204844663,1236
2024-08-08,53,34654.61255690586,3027405.204844663,1236
2024-08-09,55,15935.195939846113,3027405.204844663,1237
2024-08-10,34,18634.77838512486,3027405.204844663,1238
2024-08-11,54,9810.21404829842,3027405.204844663,1238
2024-08-12,58,15450.92383136705,3027405.204844663,1239
2024-08-13,44,25708.64775496315,3027405.204844663,1240
2024-08-14,46,38399.004350713454,3027405.204844663,1240
2024-08-15,47,11546.952987975408,3027405.204844663,1241
2024-08-16,58,16730.72804703037,3027405.204844663,1242
2024-08-17,49,18622.124999056356,3027405.204844663,1242
2024-08-18,38,9995.204209445272,3027405.204844663,1243
2024-08-19,50,26995.619736969285,3027405.204844663,1244
2024-08-20,53,13985.272814695647,3027405.204844663,1245
2024-08-21,55,18216.08189294538,3027405.204844663,1245
2024-08-22,66,16023.001987145633,3027405.204844663,1246
2024-08-23,46,13535.70145701624,3027405.204844663,1247
2024-08-24,56,20014.910229227262,3027405.204844663,1247
2024-08-25,34,18032.852093775633,3027405.204844663,1248
2024-08-26,67,16677.676002907905,3027405.204844663,1249
2024-08-27,49,13954.041633813515,3027405.204844663,1249
2024-08-28,43,23564.994698247538,3027405.204844663,1250
2024-08-29,47,45915.77014704875,3027405.204844663,1251
2024-08-30,56,21540.688099641564,3027405.204844663,1251
2024-08-31,57,33051.240758557185,3027405.204844663,1252
2024-09-01,43,10023.066005486482,3036342.204844663,1253
2024-09-02,49,21734.062268134487,3036342.204844663,1253
2024-09-03,44,11603.605171975802,3036342.204844663,1254
2024-09-04,52,9597.834846696078,3036342.204844663,1255
2024-09-05,41,13878.131061579841,3036342.204844663,1256
2024-09-06,55,36450.29921024281,3036342.204844663,1256
2024-09-07,53,32298.084153451277,3036342.204844663,1257
2024-09-08,55,22680.42825160541,3036342.204844663,1258
2024-09-09,60,9333.870001876125,3036342.204844663,1258
2024-09-10,47,18207.974806738748,3036342.204844663,1259
2024-09-11,40,23355.90877233296,3036342.204844663,1260
2024-09-12,45,21928.08235709178,3036342.204844663,1260
2024-09-13,46,7989.300493988588,3036342.204844663,1261
2024-09-14,40,12869.25426150306,3036342.204844663,1262
2024-09-15,50,19452.218357397127,3036342.204844663,1262
2024-09-16,51,26262.58899292937,3036342.204844663,1263
2024-09-17,54,6698.851470908786,3036342.204844663,1264
2024-09-18,56,18521.60729168036,3036342.204844663,1264
2024-09-19,40,21574.765868722814,3036342.204844663,1265
2024-09-20,56,30716.685060131138,3036342.204844663,1266
2024-09-21,40,28401.125995745253,3036342.204844663,1267
2024-09-22,56,26877.396630063675,3036342.204844663,1267
2024-09-23,47,13464.138542048531,3036342.204844663,1268
2024-09-24,58,7736.883294974347,3036342.204844663,1269
2024-09-25,61,16501.868575082866,3036342.204844663,1269
2024-09-26,56,33142.48229903999,3036342.204844663,1270
2024-09-27,48,40315.14737680054,3036342.204844663,1271
2024-09-28,36,28653.469953975666,3036342.204844663,1271
2024-09-29,44,24895.085422527376,3036342.204844663,1272
2024-09-30,55,24284.051650296653,3036342.204844663,1273
2024-10-01,69,15209.810185683697,3048370.204844663,1273
2024-10-02,47,18820.93573608307,3048370.204844663,1274
2024-10-03,43,46271.8952577489,3048370.204844663,1275
2024-10-04,52,12537.460429405644,3048370.204844663,1275
2024-10-05,52,45032.72264300238,3048370.204844663,1276
2024-10-06,57,17098.417626313752,3048370.204844663,1277
2024-10-07,48,38967.03586735854,3048370.204844663,1278
2024-10-08,45,9940.253220577846,3048370.204844663,1278
2024-10-09,62,26922.223570919617,3048370.204844663,1279
2024-10-10,49,13896.19319864533,3048370.204844663,1280
2024-10-11,54,9898.333444572707,3048370.204844663,1280
2024-10-12,41,22404.616272119918,3048370.204844663,1281
2024-10-13,53,33272.65519392951,3048370.204844663,1282
2024-10-14,51,13164.571983252232,3048370.204844663,1282
2024-10-15,50,9492.405138570444,3048370.204844663,1283
2024-10-16,37,19184.0195590066,3048370.204844663,1284
2024-10-17,57,19226.361566936437,3048370.204844663,1284
2024-10-18,51,26421.01757752242,3048370.204844663,1285
2024-10-19,33,32291.28196789791,3048370.204844663,1286
2024-10-20,49,19497.62004923084,3048370.204844663,1286
2024-10-21,59,50792.649914666086,3048370.204844663,1287
2024-10-22,68,22468.568393609192,3048370.204844663,1288
2024-10-23,51,16891.098158925513,3048370.204844663,1289
2024-10-24,49,8972.966370449423,3048370.204844663,1289
2024-10-25,37,17613.580782253455,3048370.204844663,1290
2024-10-26,56,16976.10092979757,3048370.204844663,1291
2024-10-27,49,32464.669254117744,3048370.204844663,1291
2024-10-28,44,25311.06905310443,3048370.204844663,1292
2024-10-29,53,11137.47378666343,3048370.204844663,1293
2024-10-30,51,21892.129599356464,3048370.204844663,1293
2024-10-31,50,28099.88786787135,3048370.204844663,1294
2024-11-01,63,43121.23985120238,3052707.204844663,1295
2024-11-02,53,31304.190917383527,3052707.204844663,1295
2024-11-03,46,29383.20719036553,3052707.204844663,1296
2024-11-04,55,20698.122533797712,3052707.204844663,1297
2024-11-05,48,24389.580263513955,3052707.204844663,1297
2024-11-06,50,37515.43507731021,3052707.204844663,1298
2024-11-07,40,10315.125376873704,3052707.204844663,1299
2024-11-08,48,16865.67238516412,3052707.204844663,1300
2024-11-09,56,13649.67382337311,3052707.204844663,1300
2024-11-10,48,24278.144913082007,3052707.204844663,1301
2024-11-11,52,37155.473217117535,3052707.204844663,1302
2024-11-12,56,14902.25966227937,3052707.204844663,1302
2024-11-13,51,6079.046246160478,3052707.204844663,1303
2024-11-14,53,16344.470223193746,3052707.204844663,1304
2024-11-15,39,31713.32266727464,3052707.204844663,1304
2024-11-16,44,26280.17759712225,3052707.204844663,1305
2024-11-17,31,24880.717948492136,3052707.204844663,1306
2024-11-18,59,17461.58541642752,3052707.204844663,1306
2024-11-19,66,10596.085409193305,3052707.204844663,1307
2024-11-20,49,25988.31881738474,3052707.204844663,1308
2024-11-21,50,13234.924022101533,3052707.204844663,1308
2024-11-22,45,59862.386322507526,3052707.204844663,1309
2024-11-23,60,26715.758683847176,3052707.204844663,1310
2024-11-24,56,15024.404545533358,3052707.204844663,1310
2024-11-25,50,14795.267650680678,3052707.204844663,1311
2024-11-26,52,19173.476596028264,3052707.204844663,1312
2024-11-27,46,17818.710180667047,3052707.204844663,1313
2024-11-28,43,35107.5738980223,3052707.204844663,1313
2024-11-29,50,22047.695520121448,3052707.204844663,1314
2024-11-30,46,13931.94117980505,3052707.204844663,1315
2024-12-01,56,51687.7258642199,3057177.204844663,1315
2024-12-02,51,20586.883830623603,3057177.204844663,1316
2024-12-03,48,29500.87246474224,3057177.204844663,1317
2024-12-04,41,14818.653314581446,3057177.204844663,1317
2024-12-05,50,24084.24311162715,3057177.204844663,1318
2024-12-06,46,23466.057035828817,3057177.204844663,1319
2024-12-07,44,7808.206952542169,3057177.204844663,1319
2024-12-08,44,55016.74289777034,3057177.204844663,1320
2024-12-09,55,38295.110714823684,3057177.204844663,1321
2024-12-10,48,16467.723966016067,3057177.204844663,1321
2024-12-11,46,11575.202909210864,3057177.204844663,1322
2024-12-12,57,23897.666230297567,3057177.204844663,1323
2024-12-13,47,20975.3691077463,3057177.204844663,1324
2024-12-14,56,23994.736031770848,3057177.204844663,1324
2024-12-15,52,22104.665571980237,3057177.204844663,1325
2024-12-16,38,25870.944232262907,3057177.204844663,1326
2024-12-17,54,41415.40237542034,3057177.204844663,1326
2024-12-18,56,26683.665590657332,3057177.204844663,1327
2024-12-19,66,11883.753919902241,3057177.204844663,1328
2024-12-20,45,39697.23057152497,3057177.204844663,1328
2024-12-21,46,45618.223814764286,3057177.204844663,1329
2024-12-22,56,97127.87091836934,3057177.204844663,1330
2024-12-23,50,11453.014647991182,3057177.204844663,1330
2024-12-24,47,22679.036749045375,3057177.204844663,1331
2024-12-25,58,7091.881282286278,3057177.204844663,1332
2024-12-26,55,26484.895204176973,3057177.204844663,1332
2024-12-27,62,15270.148603569409,3057177.204844663,1333
2024-12-28,45,52547.78244149481,3057177.204844663,1334
2024-12-29,43,13635.71583847133,3057177.204844663,1335
2024-12-30,59,8631.415228227019,3057177.204844663,1335
2024-12-31,55,15869.009665303593,3057177.204844663,1336
2025-01-01,65,7480.17445362407,3068874.204844663,1337
2025-01-02,47,29240.353583097363,3068874.204844663,1337
2025-01-03,56,7152.475187517799,3068874.204844663,1338
2025-01-04,48,20373.372743576463,3068874.204844663,1339
2025-01-05,58,7107.0986190305375,3068874.204844663,1339
2025-01-06,49,17113.21715056833,3068874.204844663,1340
2025-01-07,54,45681.302472058436,3068874.204844663,1341
2025-01-08,34,24054.54465678639,3068874.204844663,1341
2025-01-09,42,13043.020948762416,3068874.204844663,1342
2025-01-10,51,19774.599399670264,3068874.204844663,1343
2025-01-11,41,20267.293640253647,3068874.204844663,1343
2025-01-12,42,25439.807533130504,3068874.204844663,1344
2025-01-13,45,10140.839831570041,3068874.204844663,1345
2025-01-14,54,27012.065509880853,3068874.204844663,1346
2025-01-15,44,5195.558802420112,3068874.204844663,1346
2025-01-16,51,14659.047532034094,3068874.204844663,1347
2025-01-17,61,15734.615256541232,3068874.204844663,1348
2025-01-18,54,27568.213191061583,3068874.204844663,1348
2025-01-19,51,20314.104065254887,3068874.204844663,1349
2025-01-20,46,9946.477546567094,3068874.204844663,1350
2025-01-21,52,12274.248343883564,3068874.204844663,1350
2025-01-22,55,22183.305573142734,3068874.204844663,1351
2025-01-23,37,19306.97305930211,3068874.204844663,1352
2025-01-24,45,15035.858955165757,3068874.204844663,1352
2025-01-25,54,15793.257449415158,3068874.204844663,1353
2025-01-26,35,28448.1746498675,3068874.204844663,1354
2025-01-27,65,15504.862952111946,3068874.204844663,1354
2025-01-28,54,19220.057168885578,3068874.204844663,1355
2025-01-29,43,59440.053117436546,3068874.204844663,1356
2025-01-30,55,9856.77150629666,3068874.204844663,1357
2025-01-31,45,7957.21157798894,3068874.204844663,1357
2025-02-01,49,29719.24549455594,3067488.204844663,1358
2025-02-02,37,14305.991983874861,3067488.204844663,1359
2025-02-03,40,17130.855215915923,3067488.204844663,1359
2025-02-04,55,13591.19030198741,3067488.204844663,1360
2025-02-05,48,17638.780748361645,3067488.204844663,1361
2025-02-06,48,44668.52237140029,3067488.204844663,1361
2025-02-07,43,29996.00569533856,3067488.204844663,1362
2025-02-08,45,30910.989129627313,3067488.204844663,1363
2025-02-09,52,9893.584058039307,3067488.204844663,1363
2025-02-10,46,11295.7114018741,3067488.204844663,1364
2025-02-11,52,4857.192860211512,3067488.204844663,1365
2025-02-12,53,13400.735445704915,3067488.204844663,1365
2025-02-13,44,32406.259325321975,3067488.204844663,1366
2025-02-14,54,26009.796561334002,3067488.204844663,1367
2025-02-15,46,17979.700446354105,3067488.204844663,1368
2025-02-16,52,19862.8242833467,3067488.204844663,1368
2025-02-17,65,14232.914838861445,3067488.204844663,1369
2025-02-18,43,22250.83289068584,3067488.204844663,1370
2025-02-19,54,29457.222898576078,3067488.204844663,1370
2025-02-20,48,8953.608239516527,3067488.204844663,1371
2025-02-21,52,23331.95415330161,3067488.204844663,1372
2025-02-22,49,32015.412756258505,3067488.204844663,1372
2025-02-23,48,16320.95484556384,3067488.204844663,1373
2025-02-24,43,28512.72007314882,3067488.204844663,1374
2025-02-25,39,82049.86910575385,3067488.204844663,1374
2025-02-26,62,19064.512136648507,3067488.204844663,1375
2025-02-27,45,24450.569913691594,3067488.204844663,1376
2025-02-28,55,13887.254237913985,3067488.204844663,1376
2025-03-01,52,21990.83072607944,3066102.204844663,1377
2025-03-02,53,25283.09049730419,3066102.204844663,1378
2025-03-03,55,22140.780290550112,3066102.204844663,1379
2025-03-04,43,12063.113676967945,3066102.204844663,1379
2025-03-05,55,22268.6728453888,3066102.204844663,1380
2025-03-06,44,41724.89567974102,3066102.204844663,1381
2025-03-07,45,25136.422307048673,3066102.204844663,1381
2025-03-08,36,32491.98990627122,3066102.204844663,1382
2025-03-09,55,17840.907862197502,3066102.204844663,1383
2025-03-10,54,29222.82610189414,3066102.204844663,1383
2025-03-11,63,23095.410522485967,3066102.204844663,1384
2025-03-12,43,12485.208643880087,3066102.204844663,1385
2025-03-13,55,23553.17197321555,3066102.204844663,1385
2025-03-14,50,12233.176770758078,3066102.204844663,1386
2025-03-15,47,14637.106748846918,3066102.204844663,1387
2025-03-16,52,22079.821864518,3066102.204844663,1387
2025-03-17,45,23303.932815432214,3066102.204844663,1388
2025-03-18,60,11082.682639158438,3066102.204844663,1389
2025-03-19,56,34021.50707255941,3066102.204844663,1390
2025-03-20,53,26735.790585678034,3066102.204844663,1390
2025-03-21,54,14120.614941218295,3066102.204844663,1391
2025-03-22,49,9311.103398009549,3066102.204844663,1392
2025-03-23,64,18681.761189681536,3066102.204844663,1392
2025-03-24,58,16071.188634509515,3066102.204844663,1393
2025-03-25,49,21254.533813155955,3066102.204844663,1394
2025-03-26,46,16750.727152564767,3066102.204844663,1394
2025-03-27,35,7361.557812325648,3066102.204844663,1395
2025-03-28,63,16540.74169096816,3066102.204844663,1396
2025-03-29,56,17239.279025006283,3066102.204844663,1396
2025-03-30,53,27572.820206509266,3066102.204844663,1397
2025-03-31,42,14166.785319119912,3066102.204844663,1398
2025-04-01,37,46494.65392766386,3067287.204844663,1398
2025-04-02,53,7722.821099448975,3067287.204844663,1399
2025-04-03,57,38690.099827636965,3067287.204844663,1400
2025-04-04,40,17954.495236077775,3067287.204844663,1401
2025-04-05,46,30870.234540584494,3067287.204844663,1401
2025-04-06,50,20903.168326050978,3067287.204844663,1402
2025-04-07,47,35508.70110551651,3067287.204844663,1403
2025-04-08,46,16548.8897953926,3067287.204844663,1403
2025-04-09,66,11596.342972446047,3067287.204844663,1404
2025-04-10,47,40864.10885307168,3067287.204844663,1405
2025-04-11,64,18977.606466922985,3067287.204844663,1405
2025-04-12,39,22438.522512819018,3067287.204844663,1406
2025-04-13,51,37239.72087285398,3067287.204844663,1407
2025-04-14,43,11989.393440204267,3067287.204844663,1407
2025-04-15,54,27051.58094360659,3067287.204844663,1408
2025-04-16,59,14955.103633822824,3067287.204844663,1409
2025-04-17,49,18801.098936145303,3067287.204844663,1409
2025-04-18,42,20824.6937631138,3067287.204844663,1410
2025-04-19,42,9486.68341333223,3067287.204844663,1411
2025-04-20,44,13606.960708225832,3067287.204844663,1412
2025-04-21,42,39469.82461670035,3067287.204844663,1412
2025-04-22,55,31283.649920015865,3067287.204844663,1413
2025-04-23,50,19466.21134997363,3067287.204844663,1414
2025-04-24,38,22681.77478843963,3067287.204844663,1414
2025-04-25,44,17337.6206961341,3067287.204844663,1415
2025-04-26,39,39578.723674011344,3067287.204844663,1416
2025-04-27,50,18170.94175178988,3067287.204844663,1416
2025-04-28,44,22554.1942416882,3067287.204844663,1417
2025-04-29,48,35623.839836695355,3067287.204844663,1418
2025-04-30,52,13616.935257236979,3067287.204844663,1418
2025-05-01,48,43789.52319234067,3083958.204844663,1419
2025-05-02,51,9344.32582201308,3083958.204844663,1420
2025-05-03,54,45368.63764467408,3083958.204844663,1420
2025-05-04,50,16670.858714842587,3083958.204844663,1421
2025-05-05,59,17790.251275021612,3083958.204844663,1422
2025-05-06,51,7806.798170348751,3083958.204844663,1423
2025-05-07,52,16000.22270669189,3083958.204844663,1423
2025-05-08,46,11942.419605803772,3083958.204844663,1424
2025-05-09,54,14822.952548414733,3083958.204844663,1425
2025-05-10,48,18752.827051025764,3083958.204844663,1425
2025-05-11,43,32423.90006648228,3083958.204844663,1426
2025-05-12,48,22282.50130748316,3083958.204844663,1427
2025-05-13,57,23425.808143084272,3083958.204844663,1427
2025-05-14,49,11614.337259514921,3083958.204844663,1428
2025-05-15,53,12930.94085225318,3083958.204844663,1429
2025-05-16,44,49370.96553383554,3083958.204844663,1429
2025-05-17,55,13907.09974305699,3083958.204844663,1430
2025-05-18,58,45975.29219680017,3083958.204844663,1431
2025-05-19,46,17787.02751946696,3083958.204844663,1431
2025-05-20,49,20108.527283743788,3083958.204844663,1432
2025-05-21,49,34301.276873613584,3083958.204844663,1433
2025-05-22,48,37937.7330185165,3083958.204844663,1434
2025-05-23,61,19002.940300672515,3083958.204844663,1434
2025-05-24,37,16541.600878934758,3083958.204844663,1435
2025-05-25,48,19531.71931818188,3083958.204844663,1436
2025-05-26,71,23783.18370955579,3083958.204844663,1436
2025-05-27,53,31363.72102053712,3083958.204844663,1437
2025-05-28,47,20128.061369943793,3083958.204844663,1438
2025-05-29,51,27369.880282759354,3083958.204844663,1438
2025-05-30,44,45566.82209818895,3083958.204844663,1439
2025-05-31,47,24304.336862554712,3083958.204844663,1440
2025-06-01,47,23472.427349246867,3098114.204844663,1440
2025-06-02,55,9398.448170991098,3098114.204844663,1441
2025-06-03,54,5390.482678132778,3098114.204844663,1442
2025-06-04,44,24390.357374343344,3098114.204844663,1442
2025-06-05,50,19155.46175995978,3098114.204844663,1443
2025-06-06,57,15527.438155508444,3098114.204844663,1444
2025-06-07,51,22686.388114417026,3098114.204844663,1445
2025-06-08,56,19487.98526462324,3098114.204844663,1445
2025-06-09,56,35300.25279753794,3098114.204844663,1446
2025-06-10,57,20969.215510526676,3098114.204844663,1447
2025-06-11,41,13825.826898759544,3098114.204844663,1447
2025-06-12,52,32953.02687762082,3098114.204844663,1448
2025-06-13,42,18019.138851024833,3098114.204844663,1449
2025-06-14,60,26134.81521761184,3098114.204844663,1449
2025-06-15,61,15820.311412868941,3098114.204844663,1450
2025-06-16,52,14513.606043068647,3098114.204844663,1451
2025-06-17,60,20948.857600931016,3098114.204844663,1451
2025-06-18,53,20214.78609972985,3098114.204844663,1452
2025-06-19,49,25531.51362742686,3098114.204844663,1453
2025-06-20,45,17560.94010219008,3098114.204844663,1453
2025-06-21,46,8019.051179746105,3098114.204844663,1454
2025-06-22,43,16177.365246136113,3098114.204844663,1455
2025-06-23,61,29871.63098666861,3098114.204844663,1456
2025-06-24,43,17310.477610093483,3098114.204844663,1456
2025-06-25,54,17757.50598166635,3098114.204844663,1457
2025-06-26,57,32890.64441192627,3098114.204844663,1458
2025-06-27,57,14069.557016460118,3098114.204844663,1458
2025-06-28,54,9286.840432923253,3098114.204844663,1459
2025-06-29,64,18535.43749852978,3098114.204844663,1460
2025-06-30,46,15766.903445084208,3098114.204844663,1460
2025-07-01,43,12389.840721159777,3111325.204844663,1461
2025-07-02,44,18399.265991457993,3111325.204844663,1462
2025-07-03,45,25681.03607540588,3111325.204844663,1462
2025-07-04,57,19992.470330995755,3111325.204844663,1463
2025-07-05,56,23417.662289503693,3111325.204844663,1464
2025-07-06,38,49734.74827456062,3111325.204844663,1464
2025-07-07,47,16921.086553416106,3111325.204844663,1465
2025-07-08,44,23084.798269455114,3111325.204844663,1466
2025-07-09,46,15570.736989986746,3111325.204844663,1467
2025-07-10,60,13155.239759482678,3111325.204844663,1467
2025-07-11,44,14992.44148784376,3111325.204844663,1468
2025-07-12,37,15809.653180115127,3111325.204844663,1469
2025-07-13,55,24040.451694365063,3111325.204844663,1469
2025-07-14,44,65009.79126193653,3111325.204844663,1470
2025-07-15,48,14040.95311338224,3111325.204844663,1471
2025-07-16,56,16308.514725055542,3111325.204844663,1471
2025-07-17,46,19461.506587036354,3111325.204844663,1472
2025-07-18,44,24481.05184767617,3111325.204844663,1473
2025-07-19,56,22914.626213942232,3111325.204844663,1473
2025-07-20,56,38169.92481345389,3111325.204844663,1474
2025-07-21,58,5970.34052255863,3111325.204844663,1475
2025-07-22,51,6089.311766460096,3111325.204844663,1475
2025-07-23,59,15674.903245983982,3111325.204844663,1476
2025-07-24,56,34766.35447846388,3111325.204844663,1477
2025-07-25,54,9181.365898011227,3111325.204844663,1478
2025-07-26,44,4464.618775932586,3111325.204844663,1478
2025-07-27,47,26724.739330926044,3111325.204844663,1479
2025-07-28,57,22687.828967193884,3111325.204844663,1480
2025-07-29,52,11645.22001413744,3111325.204844663,1480
2025-07-30,49,12270.8950176894,3111325.204844663,1481
2025-07-31,54,12368.19354015368,3111325.204844663,1482
2025-08-01,64,21226.866322850594,3125170.204844663,1482
2025-08-02,50,14685.231984564809,3125170.204844663,1483
2025-08-03,54,25713.90662815364,3125170.204844663,1484
2025-08-04,45,4819.5794274888685,3125170.204844663,1484
2025-08-05,53,13086.407124729203,3125170.204844663,1485
2025-08-06,42,11438.364581209657,3125170.204844663,1486
2025-08-07,49,17669.31750028061,3125170.204844663,1486
2025-08-08,58,15347.861076214953,3125170.204844663,1487
2025-08-09,52,29931.81285763255,3125170.204844663,1488
2025-08-10,58,7927.451537276359,3125170.204844663,1489
2025-08-11,68,20547.632719296642,3125170.204844663,1489
2025-08-12,50,26553.676471543826,3125170.204844663,1490
2025-08-13,42,50821.714715494345,3125170.204844663,1491
2025-08-14,45,15785.898072764143,3125170.204844663,1491
2025-08-15,52,23623.200523851185,3125170.204844663,1492
2025-08-16,47,8150.413023663478,3125170.204844663,1493
2025-08-17,38,6074.027522692217,3125170.204844663,1493
2025-08-18,53,30642.477130213592,3125170.204844663,1494
2025-08-19,43,20029.773732347723,3125170.204844663,1495
2025-08-20,45,36207.14028774528,3125170.204844663,1495
2025-08-21,61,10107.710571562377,3125170.204844663,1496
2025-08-22,58,26048.26256371104,3125170.204844663,1497
2025-08-23,46,51131.917982607025,3125170.204844663,1497
2025-08-24,38,24775.43911506436,3125170.204844663,1498
2025-08-25,37,23064.41036893486,3125170.204844663,1499
2025-08-26,44,20171.647723255977,3125170.204844663,1500
